Masihi,Hijrah
1/1/2018,31/12/2017
2/1/2018,01/01/2018
3/1/2018,02/01/2018
4/1/2018,03/01/2018
5/1/2018,04/01/2018
6/1/2018,05/01/2018
7/1/2018,06/01/2018
8/1/2018,07/01/2018
9/1/2018,08/01/2018
10/1/2018,09/01/2018
11/1/2018,10/01/2018
12/1/2018,11/01/2018
13/1/2018,12/01/2018
14/1/2018,13/01/2018
15/1/2018,14/01/2018
16/1/2018,15/01/2018
17/1/2018,16/01/2018
18/1/2018,17/01/2018
19/1/2018,18/01/2018
20/1/2018,19/01/2018
21/1/2018,20/01/2018
22/1/2018,21/01/2018
23/1/2018,22/01/2018
24/1/2018,23/01/2018
25/1/2018,24/01/2018
26/1/2018,25/01/2018
27/1/2018,26/01/2018
28/1/2018,27/01/2018
29/1/2018,28/01/2018
30/1/2018,29/01/2018
31/1/2018,30/01/2018
1/2/2018,31/01/2018
2/2/2018,01/02/2018
3/2/2018,02/02/2018
4/2/2018,03/02/2018
5/2/2018,04/02/2018
6/2/2018,05/02/2018
7/2/2018,06/02/2018
8/2/2018,07/02/2018
9/2/2018,08/02/2018
10/2/2018,09/02/2018
11/2/2018,10/02/2018
12/2/2018,11/02/2018
13/2/2018,12/02/2018
14/2/2018,13/02/2018
15/2/2018,14/02/2018
16/2/2018,15/02/2018
17/2/2018,16/02/2018
18/2/2018,17/02/2018
19/2/2018,18/02/2018
20/2/2018,19/02/2018
21/2/2018,20/02/2018
22/2/2018,21/02/2018
23/2/2018,22/02/2018
24/2/2018,23/02/2018
25/2/2018,24/02/2018
26/2/2018,25/02/2018
27/2/2018,26/02/2018
28/2/2018,27/02/2018
1/3/2018,28/02/2018
2/3/2018,01/03/2018
3/3/2018,02/03/2018
4/3/2018,03/03/2018
5/3/2018,04/03/2018
6/3/2018,05/03/2018
7/3/2018,06/03/2018
8/3/2018,07/03/2018
9/3/2018,08/03/2018
10/3/2018,09/03/2018
11/3/2018,10/03/2018
12/3/2018,11/03/2018
13/3/2018,12/03/2018
14/3/2018,13/03/2018
15/3/2018,14/03/2018
16/3/2018,15/03/2018
17/3/2018,16/03/2018
18/3/2018,30/06/1439
19/3/2018,17/03/2018
20/3/2018,18/03/2018
21/3/2018,19/03/2018
22/3/2018,20/03/2018
23/3/2018,21/03/2018
24/3/2018,22/03/2018
25/3/2018,23/03/2018
26/3/2018,24/03/2018
27/3/2018,25/03/2018
28/3/2018,26/03/2018
29/3/2018,27/03/2018
30/3/2018,28/03/2018
31/3/2018,29/03/2018
1/4/2018,30/03/2018
2/4/2018,31/03/2018
3/4/2018,01/04/2018
4/4/2018,02/04/2018
5/4/2018,03/04/2018
6/4/2018,04/04/2018
7/4/2018,05/04/2018
8/4/2018,06/04/2018
9/4/2018,07/04/2018
10/4/2018,08/04/2018
11/4/2018,09/04/2018
12/4/2018,10/04/2018
13/4/2018,11/04/2018
14/4/2018,12/04/2018
15/4/2018,13/04/2018
16/4/2018,14/04/2018
17/4/2018,16/04/2018
18/4/2018,17/04/2018
19/4/2018,18/04/2018
20/4/2018,19/04/2018
21/4/2018,20/04/2018
22/4/2018,21/04/2018
23/4/2018,22/04/2018
24/4/2018,23/04/2018
25/4/2018,24/04/2018
26/4/2018,25/04/2018
27/4/2018,26/04/2018
28/4/2018,27/04/2018
29/4/2018,28/04/2018
30/4/2018,29/04/2018
1/5/2018,30/04/2018
2/5/2018,01/05/2018
3/5/2018,02/05/2018
4/5/2018,03/05/2018
5/5/2018,04/05/2018
6/5/2018,05/05/2018
7/5/2018,06/05/2018
8/5/2018,07/05/2018
9/5/2018,08/05/2018
10/5/2018,09/05/2018
11/5/2018,10/05/2018
12/5/2018,11/05/2018
13/5/2018,12/05/2018
14/5/2018,13/05/2018
15/5/2018,14/05/2018
16/5/2018,30/08/1439
17/5/2018,15/05/2018
18/5/2018,16/05/2018
19/5/2018,17/05/2018
20/5/2018,18/05/2018
21/5/2018,19/05/2018
22/5/2018,20/05/2018
23/5/2018,21/05/2018
24/5/2018,22/05/2018
25/5/2018,23/05/2018
26/5/2018,24/05/2018
27/5/2018,25/05/2018
28/5/2018,26/05/2018
29/5/2018,27/05/2018
30/5/2018,28/05/2018
31/5/2018,29/05/2018
1/6/2018,30/05/2018
2/6/2018,31/05/2018
3/6/2018,01/06/2018
4/6/2018,02/06/2018
5/6/2018,03/06/2018
6/6/2018,04/06/2018
7/6/2018,05/06/2018
8/6/2018,06/06/2018
9/6/2018,07/06/2018
10/6/2018,08/06/2018
11/6/2018,09/06/2018
12/6/2018,10/06/2018
13/6/2018,11/06/2018
14/6/2018,12/06/2018
15/6/2018,14/06/2018
16/6/2018,15/06/2018
17/6/2018,16/06/2018
18/6/2018,17/06/2018
19/6/2018,18/06/2018
20/6/2018,19/06/2018
21/6/2018,20/06/2018
22/6/2018,21/06/2018
23/6/2018,22/06/2018
24/6/2018,23/06/2018
25/6/2018,24/06/2018
26/6/2018,25/06/2018
27/6/2018,26/06/2018
28/6/2018,27/06/2018
29/6/2018,28/06/2018
30/6/2018,29/06/2018
1/7/2018,30/06/2018
2/7/2018,01/07/2018
3/7/2018,02/07/2018
4/7/2018,03/07/2018
5/7/2018,04/07/2018
6/7/2018,05/07/2018
7/7/2018,06/07/2018
8/7/2018,07/07/2018
9/7/2018,08/07/2018
10/7/2018,09/07/2018
11/7/2018,10/07/2018
12/7/2018,11/07/2018
13/7/2018,12/07/2018
14/7/2018,13/07/2018
15/7/2018,14/07/2018
16/7/2018,15/07/2018
17/7/2018,16/07/2018
18/7/2018,17/07/2018
19/7/2018,18/07/2018
20/7/2018,19/07/2018
21/7/2018,20/07/2018
22/7/2018,21/07/2018
23/7/2018,22/07/2018
24/7/2018,23/07/2018
25/7/2018,24/07/2018
26/7/2018,25/07/2018
27/7/2018,26/07/2018
28/7/2018,27/07/2018
29/7/2018,28/07/2018
30/7/2018,29/07/2018
31/7/2018,30/07/2018
1/8/2018,31/07/2018
2/8/2018,01/08/2018
3/8/2018,02/08/2018
4/8/2018,03/08/2018
5/8/2018,04/08/2018
6/8/2018,05/08/2018
7/8/2018,06/08/2018
8/8/2018,07/08/2018
9/8/2018,08/08/2018
10/8/2018,09/08/2018
11/8/2018,10/08/2018
12/8/2018,11/08/2018
13/8/2018,12/08/2018
14/8/2018,13/08/2018
15/8/2018,14/08/2018
16/8/2018,15/08/2018
17/8/2018,16/08/2018
18/8/2018,17/08/2018
19/8/2018,18/08/2018
20/8/2018,19/08/2018
21/8/2018,20/08/2018
22/8/2018,21/08/2018
23/8/2018,22/08/2018
24/8/2018,23/08/2018
25/8/2018,24/08/2018
26/8/2018,25/08/2018
27/8/2018,26/08/2018
28/8/2018,27/08/2018
29/8/2018,28/08/2018
30/8/2018,29/08/2018
31/8/2018,30/08/2018
1/9/2018,31/08/2018
2/9/2018,01/09/2018
3/9/2018,02/09/2018
4/9/2018,03/09/2018
5/9/2018,04/09/2018
6/9/2018,05/09/2018
7/9/2018,06/09/2018
8/9/2018,07/09/2018
9/9/2018,08/09/2018
10/9/2018,09/09/2018
11/9/2018,11/09/2018
12/9/2018,12/09/2018
13/9/2018,13/09/2018
14/9/2018,14/09/2018
15/9/2018,15/09/2018
16/9/2018,16/09/2018
17/9/2018,17/09/2018
18/9/2018,18/09/2018
19/9/2018,19/09/2018
20/9/2018,20/09/2018
21/9/2018,21/09/2018
22/9/2018,22/09/2018
23/9/2018,23/09/2018
24/9/2018,24/09/2018
25/9/2018,25/09/2018
26/9/2018,26/09/2018
27/9/2018,27/09/2018
28/9/2018,28/09/2018
29/9/2018,29/09/2018
30/9/2018,30/09/2018
1/10/2018,01/10/2018
2/10/2018,02/10/2018
3/10/2018,03/10/2018
4/10/2018,04/10/2018
5/10/2018,05/10/2018
6/10/2018,06/10/2018
7/10/2018,07/10/2018
8/10/2018,08/10/2018
9/10/2018,09/10/2018
10/10/2018,11/10/2018
11/10/2018,12/10/2018
12/10/2018,13/10/2018
13/10/2018,14/10/2018
14/10/2018,15/10/2018
15/10/2018,16/10/2018
16/10/2018,17/10/2018
17/10/2018,18/10/2018
18/10/2018,19/10/2018
19/10/2018,20/10/2018
20/10/2018,21/10/2018
21/10/2018,22/10/2018
22/10/2018,23/10/2018
23/10/2018,24/10/2018
24/10/2018,25/10/2018
25/10/2018,26/10/2018
26/10/2018,27/10/2018
27/10/2018,28/10/2018
28/10/2018,29/10/2018
29/10/2018,30/10/2018
30/10/2018,31/10/2018
31/10/2018,01/11/2018
1/11/2018,02/11/2018
2/11/2018,03/11/2018
3/11/2018,04/11/2018
4/11/2018,05/11/2018
5/11/2018,06/11/2018
6/11/2018,07/11/2018
7/11/2018,08/11/2018
8/11/2018,30/02/1440
9/11/2018,09/11/2018
10/11/2018,10/11/2018
11/11/2018,11/11/2018
12/11/2018,12/11/2018
13/11/2018,13/11/2018
14/11/2018,14/11/2018
15/11/2018,15/11/2018
16/11/2018,16/11/2018
17/11/2018,17/11/2018
18/11/2018,18/11/2018
19/11/2018,19/11/2018
20/11/2018,20/11/2018
21/11/2018,21/11/2018
22/11/2018,22/11/2018
23/11/2018,23/11/2018
24/11/2018,24/11/2018
25/11/2018,25/11/2018
26/11/2018,26/11/2018
27/11/2018,27/11/2018
28/11/2018,28/11/2018
29/11/2018,29/11/2018
30/11/2018,30/11/2018
1/12/2018,01/12/2018
2/12/2018,02/12/2018
3/12/2018,03/12/2018
4/12/2018,04/12/2018
5/12/2018,05/12/2018
6/12/2018,06/12/2018
7/12/2018,07/12/2018
8/12/2018,08/12/2018
9/12/2018,09/12/2018
10/12/2018,10/12/2018
11/12/2018,11/12/2018
12/12/2018,12/12/2018
13/12/2018,13/12/2018
14/12/2018,14/12/2018
15/12/2018,15/12/2018
16/12/2018,16/12/2018
17/12/2018,17/12/2018
18/12/2018,18/12/2018
19/12/2018,19/12/2018
20/12/2018,20/12/2018
21/12/2018,21/12/2018
22/12/2018,22/12/2018
23/12/2018,23/12/2018
24/12/2018,24/12/2018
25/12/2018,25/12/2018
26/12/2018,26/12/2018
27/12/2018,27/12/2018
28/12/2018,28/12/2018
29/12/2018,29/12/2018
30/12/2018,30/12/2018
31/12/2018,31/12/2018
,
,
,
,
,
,
,
,
,
,
,
,
,
,
,
,
,
,
,
